{"cameraMode":{"drawMode":0,"name":"Shaded","section":"Shading Mode"},"sceneLighting":true,"audioPlay":false,"sceneViewState":{"showFog":true,"showMaterialUpdate":false,"showSkybox":true,"showFlares":true,"showImageEffects":true,"showParticleSystems":true},"in2DMode":false,"pivot":{"x":84.74871063232422,"y":22.994022369384767,"z":66.08866119384766},"rotation":{"x":-0.06397843360900879,"y":-0.6281243562698364,"z":-0.05193822458386421,"w":0.7737374901771545},"size":1.189887523651123,"orthographic":false}