{"cameraMode":{"drawMode":0,"name":"Shaded","section":"Shading Mode"},"sceneLighting":false,"audioPlay":false,"sceneViewState":{"showFog":true,"showMaterialUpdate":false,"showSkybox":false,"showFlares":true,"showImageEffects":true,"showParticleSystems":true},"in2DMode":false,"pivot":{"x":-0.04448002576828003,"y":0.5394471287727356,"z":-0.14636147022247315},"rotation":{"x":0.1801377385854721,"y":0.3938755691051483,"z":-0.07902409881353378,"w":0.8978708386421204},"size":2.994638204574585,"orthographic":false}