{"cameraMode":{"drawMode":0,"name":"Shaded","section":"Shading Mode"},"sceneLighting":true,"audioPlay":false,"sceneViewState":{"showFog":true,"showMaterialUpdate":false,"showSkybox":true,"showFlares":true,"showImageEffects":true,"showParticleSystems":true},"in2DMode":false,"pivot":{"x":18.18730354309082,"y":30.677997589111329,"z":-2.562835693359375},"rotation":{"x":0.22329945862293244,"y":-0.17292249202728272,"z":0.04028783738613129,"w":0.9584429264068604},"size":7.355330467224121,"orthographic":false}